Order date,Purchaser country,Event name,Event ID,Event start date,Event start time,Event timezone,Event location,Ticket quantity,Ticket tier,Ticket type,Currency,Ticket price,Guest
2024-06-11 12:22:30,US,Crick Bioimage Analysis Symposium 2024,922810600347.0,2024-11-25,09:30:00,Europe/London,The Francis Crick Institute,1,,Online Only,GBP,20.0,No
2024-06-11 12:24:39,GB,Crick Bioimage Analysis Symposium 2024,922810600347.0,2024-11-25,09:30:00,Europe/London,The Francis Crick Institute,1,,Academic - early bird,GBP,80.0,No
2024-06-12 11:53:10,GB,Crick Bioimage Analysis Symposium 2024,922810600347.0,2024-11-25,09:30:00,Europe/London,The Francis Crick Institute,1,,Academic - early bird,GBP,80.0,No
2024-06-13 16:40:41,GB,Crick Bioimage Analysis Symposium 2024,922810600347.0,2024-11-25,09:30:00,Europe/London,The Francis Crick Institute,1,,Online Only,GBP,20.0,No
2024-06-17 10:25:27,GB,Crick Bioimage Analysis Symposium 2024,922810600347.0,2024-11-25,09:30:00,Europe/London,The Francis Crick Institute,1,,Academic - early bird,GBP,80.0,No
2024-06-17 10:27:09,GB,Crick Bioimage Analysis Symposium 2024,922810600347.0,2024-11-25,09:30:00,Europe/London,The Francis Crick Institute,1,,Academic - early bird,GBP,80.0,No
2024-06-17 10:46:07,GB,Crick Bioimage Analysis Symposium 2024,922810600347.0,2024-11-25,09:30:00,Europe/London,The Francis Crick Institute,1,,Academic - early bird,GBP,80.0,No
2024-06-17 13:36:08,JO,Crick Bioimage Analysis Symposium 2024,922810600347.0,2024-11-25,09:30:00,Europe/London,The Francis Crick Institute,1,,Online Only,GBP,20.0,No
2024-06-20 11:23:43,GB,Crick Bioimage Analysis Symposium 2024,922810600347.0,2024-11-25,09:30:00,Europe/London,The Francis Crick Institute,1,,Academic - early bird,GBP,80.0,No
2024-06-20 16:08:51,GB,Crick Bioimage Analysis Symposium 2024,922810600347.0,2024-11-25,09:30:00,Europe/London,The Francis Crick Institute,1,,Online Only,GBP,20.0,No
2024-06-26 10:37:29,US,Crick Bioimage Analysis Symposium 2024,922810600347.0,2024-11-25,09:30:00,Europe/London,The Francis Crick Institute,1,,Online Only,GBP,20.0,No
2024-06-26 21:48:35,GB,Crick Bioimage Analysis Symposium 2024,922810600347.0,2024-11-25,09:30:00,Europe/London,The Francis Crick Institute,1,,Academic - early bird,GBP,80.0,No
2024-06-27 14:47:37,GB,Crick Bioimage Analysis Symposium 2024,922810600347.0,2024-11-25,09:30:00,Europe/London,The Francis Crick Institute,1,,Academic - early bird,GBP,80.0,No
2024-06-28 09:02:39,GB,Crick Bioimage Analysis Symposium 2024,922810600347.0,2024-11-25,09:30:00,Europe/London,The Francis Crick Institute,1,,Academic - early bird,GBP,80.0,No
2024-06-28 11:11:08,GB,Crick Bioimage Analysis Symposium 2024,922810600347.0,2024-11-25,09:30:00,Europe/London,The Francis Crick Institute,1,,Academic - early bird,GBP,80.0,No
2024-07-01 11:20:56,NL,Crick Bioimage Analysis Symposium 2024,922810600347.0,2024-11-25,09:30:00,Europe/London,The Francis Crick Institute,1,,Academic - early bird,GBP,80.0,No
2024-07-03 10:14:38,GB,Crick Bioimage Analysis Symposium 2024,922810600347.0,2024-11-25,09:30:00,Europe/London,The Francis Crick Institute,1,,Academic - early bird,GBP,80.0,No
2024-07-03 15:53:18,GB,Crick Bioimage Analysis Symposium 2024,922810600347.0,2024-11-25,09:30:00,Europe/London,The Francis Crick Institute,1,,Academic - early bird,GBP,80.0,No
2024-07-04 10:33:25,GB,Crick Bioimage Analysis Symposium 2024,922810600347.0,2024-11-25,09:30:00,Europe/London,The Francis Crick Institute,1,,Academic - early bird,GBP,80.0,No
2024-07-08 10:13:45,GB,Crick Bioimage Analysis Symposium 2024,922810600347.0,2024-11-25,09:30:00,Europe/London,The Francis Crick Institute,1,,Academic - early bird,GBP,80.0,No
2024-07-08 14:33:13,GB,Crick Bioimage Analysis Symposium 2024,922810600347.0,2024-11-25,09:30:00,Europe/London,The Francis Crick Institute,1,,Academic - early bird,GBP,80.0,No
2024-07-08 15:02:56,GB,Crick Bioimage Analysis Symposium 2024,922810600347.0,2024-11-25,09:30:00,Europe/London,The Francis Crick Institute,1,,Academic - early bird,GBP,80.0,No
2024-07-08 15:46:32,GB,Crick Bioimage Analysis Symposium 2024,922810600347.0,2024-11-25,09:30:00,Europe/London,The Francis Crick Institute,1,,Academic - early bird,GBP,80.0,No
2024-07-09 12:20:14,GB,Crick Bioimage Analysis Symposium 2024,922810600347.0,2024-11-25,09:30:00,Europe/London,The Francis Crick Institute,1,,Academic - early bird,GBP,80.0,No
2024-07-09 15:46:23,GB,Crick Bioimage Analysis Symposium 2024,922810600347.0,2024-11-25,09:30:00,Europe/London,The Francis Crick Institute,1,,Academic - early bird,GBP,80.0,No
2024-07-10 10:57:43,GB,Crick Bioimage Analysis Symposium 2024,922810600347.0,2024-11-25,09:30:00,Europe/London,The Francis Crick Institute,1,,Academic - early bird,GBP,80.0,No
2024-07-10 10:57:43,GB,Crick Bioimage Analysis Symposium 2024,922810600347.0,2024-11-25,09:30:00,Europe/London,The Francis Crick Institute,1,,Academic - early bird,GBP,80.0,No
2024-07-10 14:53:37,CH,Crick Bioimage Analysis Symposium 2024,922810600347.0,2024-11-25,09:30:00,Europe/London,The Francis Crick Institute,1,,Academic - early bird,GBP,80.0,No
2024-07-10 15:43:56,BE,Crick Bioimage Analysis Symposium 2024,922810600347.0,2024-11-25,09:30:00,Europe/London,The Francis Crick Institute,1,,Industry - early bird,GBP,150.0,No
2024-07-11 09:39:17,GB,Crick Bioimage Analysis Symposium 2024,922810600347.0,2024-11-25,09:30:00,Europe/London,The Francis Crick Institute,1,,Academic - early bird,GBP,80.0,No
2024-07-11 15:05:44,GB,Crick Bioimage Analysis Symposium 2024,922810600347.0,2024-11-25,09:30:00,Europe/London,The Francis Crick Institute,1,,Academic - early bird,GBP,80.0,No
2024-07-11 19:56:04,GB,Crick Bioimage Analysis Symposium 2024,922810600347.0,2024-11-25,09:30:00,Europe/London,The Francis Crick Institute,1,,Academic - early bird,GBP,80.0,No
2024-07-12 09:44:14,GB,Crick Bioimage Analysis Symposium 2024,922810600347.0,2024-11-25,09:30:00,Europe/London,The Francis Crick Institute,1,,Academic - early bird,GBP,80.0,No
2024-07-12 15:13:15,GB,Crick Bioimage Analysis Symposium 2024,922810600347.0,2024-11-25,09:30:00,Europe/London,The Francis Crick Institute,1,,Academic - early bird,GBP,80.0,No
2024-07-12 16:26:01,GB,Crick Bioimage Analysis Symposium 2024,922810600347.0,2024-11-25,09:30:00,Europe/London,The Francis Crick Institute,1,,Academic - early bird,GBP,80.0,No
2024-07-14 18:36:04,GB,Crick Bioimage Analysis Symposium 2024,922810600347.0,2024-11-25,09:30:00,Europe/London,The Francis Crick Institute,1,,Academic - early bird,GBP,80.0,No
2024-07-15 08:50:02,DE,Crick Bioimage Analysis Symposium 2024,922810600347.0,2024-11-25,09:30:00,Europe/London,The Francis Crick Institute,1,,Academic,GBP,100.0,No
2024-07-15 11:26:09,ES,Crick Bioimage Analysis Symposium 2024,922810600347.0,2024-11-25,09:30:00,Europe/London,The Francis Crick Institute,1,,Academic,GBP,100.0,No
2024-07-15 15:03:24,GB,Crick Bioimage Analysis Symposium 2024,922810600347.0,2024-11-25,09:30:00,Europe/London,The Francis Crick Institute,1,,Academic,GBP,100.0,No
2024-07-16 12:57:29,AU,Crick Bioimage Analysis Symposium 2024,922810600347.0,2024-11-25,09:30:00,Europe/London,The Francis Crick Institute,1,,Academic,GBP,100.0,No
2024-07-23 15:44:50,US,Crick Bioimage Analysis Symposium 2024,922810600347.0,2024-11-25,09:30:00,Europe/London,The Francis Crick Institute,1,,Academic,GBP,100.0,No
2024-07-24 09:21:54,GB,Crick Bioimage Analysis Symposium 2024,922810600347.0,2024-11-25,09:30:00,Europe/London,The Francis Crick Institute,1,,Academic,GBP,100.0,No
2024-07-24 16:30:38,GB,Crick Bioimage Analysis Symposium 2024,922810600347.0,2024-11-25,09:30:00,Europe/London,The Francis Crick Institute,1,,Academic,GBP,100.0,No
2024-07-26 13:06:08,US,Crick Bioimage Analysis Symposium 2024,922810600347.0,2024-11-25,09:30:00,Europe/London,The Francis Crick Institute,1,,Academic,GBP,100.0,No
2024-07-29 07:30:03,NO,Crick Bioimage Analysis Symposium 2024,922810600347.0,2024-11-25,09:30:00,Europe/London,The Francis Crick Institute,1,,Academic,GBP,100.0,No
2024-08-02 03:05:41,AU,Crick Bioimage Analysis Symposium 2024,922810600347.0,2024-11-25,09:30:00,Europe/London,The Francis Crick Institute,1,,Academic,GBP,100.0,No
2024-08-02 16:39:15,GB,Crick Bioimage Analysis Symposium 2024,922810600347.0,2024-11-25,09:30:00,Europe/London,The Francis Crick Institute,1,,Academic,GBP,100.0,No
2024-08-07 17:16:43,GB,Crick Bioimage Analysis Symposium 2024,922810600347.0,2024-11-25,09:30:00,Europe/London,The Francis Crick Institute,1,,Academic,GBP,100.0,No
2024-08-08 16:28:19,GB,Crick Bioimage Analysis Symposium 2024,922810600347.0,2024-11-25,09:30:00,Europe/London,The Francis Crick Institute,1,,Academic,GBP,100.0,No
2024-08-09 13:50:26,FR,Crick Bioimage Analysis Symposium 2024,922810600347.0,2024-11-25,09:30:00,Europe/London,The Francis Crick Institute,1,,Academic,GBP,100.0,No
2024-08-13 15:16:04,GB,Crick Bioimage Analysis Symposium 2024,922810600347.0,2024-11-25,09:30:00,Europe/London,The Francis Crick Institute,1,,Academic,GBP,100.0,No
2024-08-13 20:58:43,IT,Crick Bioimage Analysis Symposium 2024,922810600347.0,2024-11-25,09:30:00,Europe/London,The Francis Crick Institute,1,,Academic,GBP,100.0,No
2024-08-15 10:30:04,GB,Crick Bioimage Analysis Symposium 2024,922810600347.0,2024-11-25,09:30:00,Europe/London,The Francis Crick Institute,1,,Academic,GBP,100.0,No
2024-08-16 16:38:58,GB,Crick Bioimage Analysis Symposium 2024,922810600347.0,2024-11-25,09:30:00,Europe/London,The Francis Crick Institute,1,,Academic,GBP,100.0,No
2024-08-19 09:53:15,NL,Crick Bioimage Analysis Symposium 2024,922810600347.0,2024-11-25,09:30:00,Europe/London,The Francis Crick Institute,1,,Academic,GBP,100.0,No
2024-08-19 11:41:19,GB,Crick Bioimage Analysis Symposium 2024,922810600347.0,2024-11-25,09:30:00,Europe/London,The Francis Crick Institute,1,,Academic,GBP,100.0,No
2024-08-19 13:12:59,GB,Crick Bioimage Analysis Symposium 2024,922810600347.0,2024-11-25,09:30:00,Europe/London,The Francis Crick Institute,1,,Academic,GBP,100.0,No
2024-08-19 13:26:56,GB,Crick Bioimage Analysis Symposium 2024,922810600347.0,2024-11-25,09:30:00,Europe/London,The Francis Crick Institute,1,,Academic,GBP,100.0,No
2024-08-19 16:12:49,GB,Crick Bioimage Analysis Symposium 2024,922810600347.0,2024-11-25,09:30:00,Europe/London,The Francis Crick Institute,1,,Academic,GBP,100.0,No
2024-08-19 17:37:50,GB,Crick Bioimage Analysis Symposium 2024,922810600347.0,2024-11-25,09:30:00,Europe/London,The Francis Crick Institute,1,,Academic,GBP,100.0,No
2024-08-19 17:37:50,GB,Crick Bioimage Analysis Symposium 2024,922810600347.0,2024-11-25,09:30:00,Europe/London,The Francis Crick Institute,1,,Academic,GBP,100.0,No
2024-08-19 17:37:50,GB,Crick Bioimage Analysis Symposium 2024,922810600347.0,2024-11-25,09:30:00,Europe/London,The Francis Crick Institute,1,,Academic,GBP,100.0,No
2024-08-19 17:37:50,GB,Crick Bioimage Analysis Symposium 2024,922810600347.0,2024-11-25,09:30:00,Europe/London,The Francis Crick Institute,1,,Academic,GBP,100.0,No
2024-08-19 17:37:50,GB,Crick Bioimage Analysis Symposium 2024,922810600347.0,2024-11-25,09:30:00,Europe/London,The Francis Crick Institute,1,,Academic,GBP,100.0,No
2024-08-19 17:37:50,GB,Crick Bioimage Analysis Symposium 2024,922810600347.0,2024-11-25,09:30:00,Europe/London,The Francis Crick Institute,1,,Academic,GBP,100.0,No
2024-08-19 17:37:50,GB,Crick Bioimage Analysis Symposium 2024,922810600347.0,2024-11-25,09:30:00,Europe/London,The Francis Crick Institute,1,,Academic,GBP,100.0,No
2024-08-20 14:39:26,GB,Crick Bioimage Analysis Symposium 2024,922810600347.0,2024-11-25,09:30:00,Europe/London,The Francis Crick Institute,1,,Academic,GBP,100.0,No
2024-08-21 10:24:58,GB,Crick Bioimage Analysis Symposium 2024,922810600347.0,2024-11-25,09:30:00,Europe/London,The Francis Crick Institute,1,,Academic,GBP,100.0,No
2024-08-21 11:19:37,GB,Crick Bioimage Analysis Symposium 2024,922810600347.0,2024-11-25,09:30:00,Europe/London,The Francis Crick Institute,1,,Online Only,GBP,20.0,No
2024-08-22 10:08:11,GB,Crick Bioimage Analysis Symposium 2024,922810600347.0,2024-11-25,09:30:00,Europe/London,The Francis Crick Institute,1,,Academic,GBP,100.0,No
2024-08-22 10:11:09,GB,Crick Bioimage Analysis Symposium 2024,922810600347.0,2024-11-25,09:30:00,Europe/London,The Francis Crick Institute,1,,Academic,GBP,100.0,No
2024-08-22 10:14:59,GB,Crick Bioimage Analysis Symposium 2024,922810600347.0,2024-11-25,09:30:00,Europe/London,The Francis Crick Institute,1,,Academic,GBP,100.0,No
2024-08-23 09:06:53,GB,Crick Bioimage Analysis Symposium 2024,922810600347.0,2024-11-25,09:30:00,Europe/London,The Francis Crick Institute,1,,Academic,GBP,100.0,No
2024-08-23 16:18:39,GB,Crick Bioimage Analysis Symposium 2024,922810600347.0,2024-11-25,09:30:00,Europe/London,The Francis Crick Institute,1,,Academic,GBP,100.0,No
2024-08-23 16:19:05,GB,Crick Bioimage Analysis Symposium 2024,922810600347.0,2024-11-25,09:30:00,Europe/London,The Francis Crick Institute,1,,Academic,GBP,100.0,No
2024-08-23 17:24:40,GB,Crick Bioimage Analysis Symposium 2024,922810600347.0,2024-11-25,09:30:00,Europe/London,The Francis Crick Institute,1,,Academic,GBP,100.0,No
2024-08-23 17:32:43,GB,Crick Bioimage Analysis Symposium 2024,922810600347.0,2024-11-25,09:30:00,Europe/London,The Francis Crick Institute,1,,Academic,GBP,100.0,No
2024-08-23 17:34:16,GB,Crick Bioimage Analysis Symposium 2024,922810600347.0,2024-11-25,09:30:00,Europe/London,The Francis Crick Institute,1,,Academic,GBP,100.0,No
2024-08-23 18:59:38,NL,Crick Bioimage Analysis Symposium 2024,922810600347.0,2024-11-25,09:30:00,Europe/London,The Francis Crick Institute,1,,Academic,GBP,100.0,No
2024-08-25 19:22:50,GB,Crick Bioimage Analysis Symposium 2024,922810600347.0,2024-11-25,09:30:00,Europe/London,The Francis Crick Institute,1,,Academic,GBP,100.0,No
2024-08-25 22:47:30,MX,Crick Bioimage Analysis Symposium 2024,922810600347.0,2024-11-25,09:30:00,Europe/London,The Francis Crick Institute,1,,Academic,GBP,100.0,No
2024-08-26 08:50:38,GB,Crick Bioimage Analysis Symposium 2024,922810600347.0,2024-11-25,09:30:00,Europe/London,The Francis Crick Institute,1,,Academic,GBP,100.0,No
2024-08-26 10:29:12,KR,Crick Bioimage Analysis Symposium 2024,922810600347.0,2024-11-25,09:30:00,Europe/London,The Francis Crick Institute,1,,Industry,GBP,200.0,No
2024-08-26 12:53:15,GB,Crick Bioimage Analysis Symposium 2024,922810600347.0,2024-11-25,09:30:00,Europe/London,The Francis Crick Institute,1,,Academic,GBP,100.0,No
2024-08-26 14:03:01,NL,Crick Bioimage Analysis Symposium 2024,922810600347.0,2024-11-25,09:30:00,Europe/London,The Francis Crick Institute,1,,Academic,GBP,100.0,No
2024-08-26 15:20:01,CH,Crick Bioimage Analysis Symposium 2024,922810600347.0,2024-11-25,09:30:00,Europe/London,The Francis Crick Institute,1,,Academic,GBP,100.0,No
2024-08-26 21:48:59,DE,Crick Bioimage Analysis Symposium 2024,922810600347.0,2024-11-25,09:30:00,Europe/London,The Francis Crick Institute,1,,Academic,GBP,100.0,No
2024-08-27 15:33:19,GB,Crick Bioimage Analysis Symposium 2024,922810600347.0,2024-11-25,09:30:00,Europe/London,The Francis Crick Institute,1,,Academic,GBP,100.0,No
2024-08-28 16:51:20,GB,Crick Bioimage Analysis Symposium 2024,922810600347.0,2024-11-25,09:30:00,Europe/London,The Francis Crick Institute,1,,Academic,GBP,100.0,No
2024-08-29 12:04:37,GB,Crick Bioimage Analysis Symposium 2024,922810600347.0,2024-11-25,09:30:00,Europe/London,The Francis Crick Institute,1,,Academic,GBP,100.0,No
2024-08-30 11:59:05,GB,Crick Bioimage Analysis Symposium 2024,922810600347.0,2024-11-25,09:30:00,Europe/London,The Francis Crick Institute,1,,Academic,GBP,100.0,No
2024-09-01 16:22:21,GB,Crick Bioimage Analysis Symposium 2024,922810600347.0,2024-11-25,09:30:00,Europe/London,The Francis Crick Institute,1,,Academic,GBP,100.0,No
2024-09-02 18:10:05,GB,Crick Bioimage Analysis Symposium 2024,922810600347.0,2024-11-25,09:30:00,Europe/London,The Francis Crick Institute,1,,Online Only,GBP,20.0,No
2024-09-03 09:28:12,GB,Crick Bioimage Analysis Symposium 2024,922810600347.0,2024-11-25,09:30:00,Europe/London,The Francis Crick Institute,1,,Academic,GBP,100.0,No
2024-09-03 09:28:12,GB,Crick Bioimage Analysis Symposium 2024,922810600347.0,2024-11-25,09:30:00,Europe/London,The Francis Crick Institute,1,,Academic,GBP,100.0,No
2024-09-03 09:28:12,GB,Crick Bioimage Analysis Symposium 2024,922810600347.0,2024-11-25,09:30:00,Europe/London,The Francis Crick Institute,1,,Academic,GBP,100.0,No
2024-09-04 20:46:44,DE,Crick Bioimage Analysis Symposium 2024,922810600347.0,2024-11-25,09:30:00,Europe/London,The Francis Crick Institute,1,,Academic,GBP,100.0,No
2024-09-05 00:36:37,AU,Crick Bioimage Analysis Symposium 2024,922810600347.0,2024-11-25,09:30:00,Europe/London,The Francis Crick Institute,1,,Academic,GBP,100.0,No
2024-09-05 14:36:37,GB,Crick Bioimage Analysis Symposium 2024,922810600347.0,2024-11-25,09:30:00,Europe/London,The Francis Crick Institute,1,,Academic,GBP,100.0,No
2024-09-05 14:40:06,GB,Crick Bioimage Analysis Symposium 2024,922810600347.0,2024-11-25,09:30:00,Europe/London,The Francis Crick Institute,1,,Academic,GBP,100.0,No
2024-09-05 14:41:28,GB,Crick Bioimage Analysis Symposium 2024,922810600347.0,2024-11-25,09:30:00,Europe/London,The Francis Crick Institute,1,,Academic,GBP,100.0,No
2024-09-06 13:51:11,GB,Crick Bioimage Analysis Symposium 2024,922810600347.0,2024-11-25,09:30:00,Europe/London,The Francis Crick Institute,1,,Academic,GBP,100.0,No
2024-09-09 11:51:01,GB,Crick Bioimage Analysis Symposium 2024,922810600347.0,2024-11-25,09:30:00,Europe/London,The Francis Crick Institute,1,,Academic,GBP,100.0,No
2024-09-13 11:15:38,GB,Crick Bioimage Analysis Symposium 2024,922810600347.0,2024-11-25,09:30:00,Europe/London,The Francis Crick Institute,1,,Online Only,GBP,20.0,No
2024-09-13 15:07:04,DE,Crick Bioimage Analysis Symposium 2024,922810600347.0,2024-11-25,09:30:00,Europe/London,The Francis Crick Institute,1,,Academic,GBP,100.0,No
2024-09-13 16:01:26,GB,Crick Bioimage Analysis Symposium 2024,922810600347.0,2024-11-25,09:30:00,Europe/London,The Francis Crick Institute,1,,Online Only,GBP,20.0,No
2024-09-13 23:05:13,GB,Crick Bioimage Analysis Symposium 2024,922810600347.0,2024-11-25,09:30:00,Europe/London,The Francis Crick Institute,1,,Online Only,GBP,20.0,No
2024-09-16 14:03:08,GB,Crick Bioimage Analysis Symposium 2024,922810600347.0,2024-11-25,09:30:00,Europe/London,The Francis Crick Institute,1,,Academic,GBP,100.0,No
2024-09-19 12:23:53,SE,Crick Bioimage Analysis Symposium 2024,922810600347.0,2024-11-25,09:30:00,Europe/London,The Francis Crick Institute,1,,Online Only,GBP,20.0,No
2024-09-20 07:52:12,GB,Crick Bioimage Analysis Symposium 2024,922810600347.0,2024-11-25,09:30:00,Europe/London,The Francis Crick Institute,1,,Industry,GBP,200.0,No
2024-09-20 10:27:50,GB,Crick Bioimage Analysis Symposium 2024,922810600347.0,2024-11-25,09:30:00,Europe/London,The Francis Crick Institute,1,,Academic,GBP,100.0,No
2024-09-20 16:12:54,GB,Crick Bioimage Analysis Symposium 2024,922810600347.0,2024-11-25,09:30:00,Europe/London,The Francis Crick Institute,1,,Academic,GBP,100.0,No
2024-09-20 19:21:28,US,Crick Bioimage Analysis Symposium 2024,922810600347.0,2024-11-25,09:30:00,Europe/London,The Francis Crick Institute,1,,Online Only,GBP,20.0,No
2024-09-24 10:46:41,GB,Crick Bioimage Analysis Symposium 2024,922810600347.0,2024-11-25,09:30:00,Europe/London,The Francis Crick Institute,1,,Academic,GBP,100.0,No
2024-09-30 09:19:02,GB,Crick Bioimage Analysis Symposium 2024,922810600347.0,2024-11-25,09:30:00,Europe/London,The Francis Crick Institute,1,,Academic,GBP,0.0,No
2024-10-04 11:12:52,GB,Crick Bioimage Analysis Symposium 2024,922810600347.0,2024-11-25,09:30:00,Europe/London,The Francis Crick Institute,1,,Academic,GBP,100.0,No
2024-10-04 13:40:59,GB,Crick Bioimage Analysis Symposium 2024,922810600347.0,2024-11-25,09:30:00,Europe/London,The Francis Crick Institute,1,,Academic,GBP,100.0,No
2024-10-04 13:44:49,GB,Crick Bioimage Analysis Symposium 2024,922810600347.0,2024-11-25,09:30:00,Europe/London,The Francis Crick Institute,1,,Academic,GBP,100.0,No
2024-10-04 13:50:38,GB,Crick Bioimage Analysis Symposium 2024,922810600347.0,2024-11-25,09:30:00,Europe/London,The Francis Crick Institute,1,,Academic,GBP,100.0,No
2024-10-05 11:12:01,IT,Crick Bioimage Analysis Symposium 2024,922810600347.0,2024-11-25,09:30:00,Europe/London,The Francis Crick Institute,1,,Online Only,GBP,20.0,No
2024-10-07 15:48:58,GB,Crick Bioimage Analysis Symposium 2024,922810600347.0,2024-11-25,09:30:00,Europe/London,The Francis Crick Institute,1,,Sponsors,GBP,0.0,No
2024-10-07 15:50:52,GB,Crick Bioimage Analysis Symposium 2024,922810600347.0,2024-11-25,09:30:00,Europe/London,The Francis Crick Institute,1,,Sponsors,GBP,0.0,No
2024-10-07 17:17:32,GB,Crick Bioimage Analysis Symposium 2024,922810600347.0,2024-11-25,09:30:00,Europe/London,The Francis Crick Institute,1,,Academic,GBP,100.0,No
2024-10-08 11:58:46,GB,Crick Bioimage Analysis Symposium 2024,922810600347.0,2024-11-25,09:30:00,Europe/London,The Francis Crick Institute,1,,Industry,GBP,200.0,No
2024-10-08 14:44:23,US,Crick Bioimage Analysis Symposium 2024,922810600347.0,2024-11-25,09:30:00,Europe/London,The Francis Crick Institute,1,,Online Only,GBP,20.0,No
2024-10-08 16:32:07,GB,Crick Bioimage Analysis Symposium 2024,922810600347.0,2024-11-25,09:30:00,Europe/London,The Francis Crick Institute,1,,Academic,GBP,100.0,No
2024-10-09 10:25:58,GB,Crick Bioimage Analysis Symposium 2024,922810600347.0,2024-11-25,09:30:00,Europe/London,The Francis Crick Institute,1,,Academic,GBP,100.0,No
2024-10-09 11:24:45,DE,Crick Bioimage Analysis Symposium 2024,922810600347.0,2024-11-25,09:30:00,Europe/London,The Francis Crick Institute,1,,Academic,GBP,100.0,No
2024-10-10 09:07:06,GB,Crick Bioimage Analysis Symposium 2024,922810600347.0,2024-11-25,09:30:00,Europe/London,The Francis Crick Institute,1,,Online Only,GBP,20.0,No
2024-10-13 19:02:45,GB,Crick Bioimage Analysis Symposium 2024,922810600347.0,2024-11-25,09:30:00,Europe/London,The Francis Crick Institute,1,,Online Only,GBP,20.0,No
2024-10-14 08:40:47,HR,Crick Bioimage Analysis Symposium 2024,922810600347.0,2024-11-25,09:30:00,Europe/London,The Francis Crick Institute,1,,Online Only,GBP,20.0,No
2024-10-14 11:41:27,GB,Crick Bioimage Analysis Symposium 2024,922810600347.0,2024-11-25,09:30:00,Europe/London,The Francis Crick Institute,1,,Academic,GBP,100.0,No
2024-10-15 10:53:46,GB,Crick Bioimage Analysis Symposium 2024,922810600347.0,2024-11-25,09:30:00,Europe/London,The Francis Crick Institute,1,,Online Only,GBP,20.0,No
2024-10-15 15:16:09,GB,Crick Bioimage Analysis Symposium 2024,922810600347.0,2024-11-25,09:30:00,Europe/London,The Francis Crick Institute,1,,Academic,GBP,100.0,No
2024-10-15 15:16:09,GB,Crick Bioimage Analysis Symposium 2024,922810600347.0,2024-11-25,09:30:00,Europe/London,The Francis Crick Institute,1,,Academic,GBP,100.0,No
2024-10-17 11:06:49,GB,Crick Bioimage Analysis Symposium 2024,922810600347.0,2024-11-25,09:30:00,Europe/London,The Francis Crick Institute,1,,Online Only,GBP,20.0,No
2024-10-17 12:58:14,AT,Crick Bioimage Analysis Symposium 2024,922810600347.0,2024-11-25,09:30:00,Europe/London,The Francis Crick Institute,1,,Online Only,GBP,20.0,No
2024-10-18 21:41:04,DE,Crick Bioimage Analysis Symposium 2024,922810600347.0,2024-11-25,09:30:00,Europe/London,The Francis Crick Institute,1,,Online Only,GBP,20.0,No
2024-10-21 14:43:02,GB,Crick Bioimage Analysis Symposium 2024,922810600347.0,2024-11-25,09:30:00,Europe/London,The Francis Crick Institute,1,,Academic,GBP,100.0,No
2024-10-22 11:02:29,GB,Crick Bioimage Analysis Symposium 2024,922810600347.0,2024-11-25,09:30:00,Europe/London,The Francis Crick Institute,1,,Academic,GBP,100.0,No
2024-10-22 12:33:37,GB,Crick Bioimage Analysis Symposium 2024,922810600347.0,2024-11-25,09:30:00,Europe/London,The Francis Crick Institute,1,,Industry,GBP,200.0,No
2024-10-22 15:13:28,GB,Crick Bioimage Analysis Symposium 2024,922810600347.0,2024-11-25,09:30:00,Europe/London,The Francis Crick Institute,1,,Industry,GBP,200.0,No
2024-10-23 13:23:25,GB,Crick Bioimage Analysis Symposium 2024,922810600347.0,2024-11-25,09:30:00,Europe/London,The Francis Crick Institute,1,,Academic,GBP,0.0,No
2024-10-23 13:28:30,GB,Crick Bioimage Analysis Symposium 2024,922810600347.0,2024-11-25,09:30:00,Europe/London,The Francis Crick Institute,1,,Academic,GBP,0.0,No
2024-10-23 15:49:18,GB,Crick Bioimage Analysis Symposium 2024,922810600347.0,2024-11-25,09:30:00,Europe/London,The Francis Crick Institute,1,,Academic,GBP,0.0,No
2024-10-23 18:09:04,GB,Crick Bioimage Analysis Symposium 2024,922810600347.0,2024-11-25,09:30:00,Europe/London,The Francis Crick Institute,1,,Academic,GBP,0.0,No
2024-10-24 12:22:53,GB,Crick Bioimage Analysis Symposium 2024,922810600347.0,2024-11-25,09:30:00,Europe/London,The Francis Crick Institute,1,,Academic,GBP,100.0,No
2024-10-25 10:21:57,GB,Crick Bioimage Analysis Symposium 2024,922810600347.0,2024-11-25,09:30:00,Europe/London,The Francis Crick Institute,1,,Academic,GBP,100.0,No
2024-10-25 10:21:57,GB,Crick Bioimage Analysis Symposium 2024,922810600347.0,2024-11-25,09:30:00,Europe/London,The Francis Crick Institute,1,,Academic,GBP,100.0,No
2024-10-25 18:07:58,GB,Crick Bioimage Analysis Symposium 2024,922810600347.0,2024-11-25,09:30:00,Europe/London,The Francis Crick Institute,1,,Academic,GBP,80.0,No
2024-10-29 10:54:46,GB,Crick Bioimage Analysis Symposium 2024,922810600347.0,2024-11-25,09:30:00,Europe/London,The Francis Crick Institute,1,,Academic,GBP,100.0,No
2024-10-29 12:40:40,GB,Crick Bioimage Analysis Symposium 2024,922810600347.0,2024-11-25,09:30:00,Europe/London,The Francis Crick Institute,1,,Academic,GBP,50.0,No
2024-10-29 20:39:50,GB,Crick Bioimage Analysis Symposium 2024,922810600347.0,2024-11-25,09:30:00,Europe/London,The Francis Crick Institute,1,,Online Only,GBP,20.0,No
2024-10-30 16:37:42,GB,Crick Bioimage Analysis Symposium 2024,922810600347.0,2024-11-25,09:30:00,Europe/London,The Francis Crick Institute,1,,Online Only,GBP,20.0,No
2024-10-30 18:54:58,DE,Crick Bioimage Analysis Symposium 2024,922810600347.0,2024-11-25,09:30:00,Europe/London,The Francis Crick Institute,1,,Academic,GBP,100.0,No
2024-10-31 11:55:19,GB,Crick Bioimage Analysis Symposium 2024,922810600347.0,2024-11-25,09:30:00,Europe/London,The Francis Crick Institute,1,,Online Only,GBP,20.0,No
2024-11-04 15:04:20,GB,Crick Bioimage Analysis Symposium 2024,922810600347.0,2024-11-25,09:30:00,Europe/London,The Francis Crick Institute,1,,Academic,GBP,100.0,No
2024-11-04 21:49:37,GB,Crick Bioimage Analysis Symposium 2024,922810600347.0,2024-11-25,09:30:00,Europe/London,The Francis Crick Institute,1,,Academic,GBP,100.0,No
2024-11-07 10:04:53,GB,Crick Bioimage Analysis Symposium 2024,922810600347.0,2024-11-25,09:30:00,Europe/London,The Francis Crick Institute,1,,Academic,GBP,100.0,No
2024-11-09 17:23:41,ES,Crick Bioimage Analysis Symposium 2024,922810600347.0,2024-11-25,09:30:00,Europe/London,The Francis Crick Institute,1,,Online Only,GBP,20.0,No
2024-11-10 12:05:32,GB,Crick Bioimage Analysis Symposium 2024,922810600347.0,2024-11-25,09:30:00,Europe/London,The Francis Crick Institute,1,,Academic,GBP,100.0,No
2024-11-10 20:35:18,GB,Crick Bioimage Analysis Symposium 2024,922810600347.0,2024-11-25,09:30:00,Europe/London,The Francis Crick Institute,1,,Academic,GBP,100.0,No
2024-11-11 10:54:37,GB,Crick Bioimage Analysis Symposium 2024,922810600347.0,2024-11-25,09:30:00,Europe/London,The Francis Crick Institute,1,,Industry,GBP,200.0,No
2024-11-11 15:21:39,GB,Crick Bioimage Analysis Symposium 2024,922810600347.0,2024-11-25,09:30:00,Europe/London,The Francis Crick Institute,1,,Academic,GBP,100.0,No
2024-11-11 16:10:44,US,Crick Bioimage Analysis Symposium 2024,922810600347.0,2024-11-25,09:30:00,Europe/London,The Francis Crick Institute,1,,Online Only,GBP,20.0,No
2024-11-11 16:46:03,GB,Crick Bioimage Analysis Symposium 2024,922810600347.0,2024-11-25,09:30:00,Europe/London,The Francis Crick Institute,1,,Academic,GBP,100.0,No
2024-11-12 12:17:44,NL,Crick Bioimage Analysis Symposium 2024,922810600347.0,2024-11-25,09:30:00,Europe/London,The Francis Crick Institute,1,,Online Only,GBP,20.0,No
2024-11-12 16:48:35,ES,Crick Bioimage Analysis Symposium 2024,922810600347.0,2024-11-25,09:30:00,Europe/London,The Francis Crick Institute,1,,Online Only,GBP,20.0,No
2024-11-13 13:06:44,NL,Crick Bioimage Analysis Symposium 2024,922810600347.0,2024-11-25,09:30:00,Europe/London,The Francis Crick Institute,1,,Online Only,GBP,20.0,No
2024-11-13 15:48:49,GB,Crick Bioimage Analysis Symposium 2024,922810600347.0,2024-11-25,09:30:00,Europe/London,The Francis Crick Institute,1,,Sponsors,GBP,0.0,No
2024-11-13 15:50:25,GB,Crick Bioimage Analysis Symposium 2024,922810600347.0,2024-11-25,09:30:00,Europe/London,The Francis Crick Institute,1,,Sponsors,GBP,0.0,No
2024-11-13 15:50:25,GB,Crick Bioimage Analysis Symposium 2024,922810600347.0,2024-11-25,09:30:00,Europe/London,The Francis Crick Institute,1,,Sponsors,GBP,0.0,No
2024-11-13 15:52:13,GB,Crick Bioimage Analysis Symposium 2024,922810600347.0,2024-11-25,09:30:00,Europe/London,The Francis Crick Institute,1,,Sponsors,GBP,0.0,No
2024-11-14 18:47:02,IT,Crick Bioimage Analysis Symposium 2024,922810600347.0,2024-11-25,09:30:00,Europe/London,The Francis Crick Institute,1,,Academic,GBP,100.0,No
2024-11-17 23:07:55,GB,Crick Bioimage Analysis Symposium 2024,922810600347.0,2024-11-25,09:30:00,Europe/London,The Francis Crick Institute,1,,Online Only,GBP,20.0,No
2024-11-18 10:03:15,GB,Crick Bioimage Analysis Symposium 2024,922810600347.0,2024-11-25,09:30:00,Europe/London,The Francis Crick Institute,1,,Online Only,GBP,20.0,No
2024-11-18 12:07:16,DE,Crick Bioimage Analysis Symposium 2024,922810600347.0,2024-11-25,09:30:00,Europe/London,The Francis Crick Institute,1,,Online Only,GBP,20.0,No
2024-11-18 16:02:31,GB,Crick Bioimage Analysis Symposium 2024,922810600347.0,2024-11-25,09:30:00,Europe/London,The Francis Crick Institute,1,,Online Only,GBP,20.0,No
2024-11-18 19:27:06,GB,Crick Bioimage Analysis Symposium 2024,922810600347.0,2024-11-25,09:30:00,Europe/London,The Francis Crick Institute,1,,Academic,GBP,100.0,No
2024-11-19 00:59:37,TW,Crick Bioimage Analysis Symposium 2024,922810600347.0,2024-11-25,09:30:00,Europe/London,The Francis Crick Institute,1,,Online Only,GBP,20.0,No
2024-11-19 11:52:08,GB,Crick Bioimage Analysis Symposium 2024,922810600347.0,2024-11-25,09:30:00,Europe/London,The Francis Crick Institute,1,,Sponsors,GBP,0.0,No
2024-11-19 12:24:57,DK,Crick Bioimage Analysis Symposium 2024,922810600347.0,2024-11-25,09:30:00,Europe/London,The Francis Crick Institute,1,,Online Only,GBP,20.0,No
2024-11-19 13:02:03,GB,Crick Bioimage Analysis Symposium 2024,922810600347.0,2024-11-25,09:30:00,Europe/London,The Francis Crick Institute,1,,Academic,GBP,100.0,No
2024-11-19 13:31:13,GB,Crick Bioimage Analysis Symposium 2024,922810600347.0,2024-11-25,09:30:00,Europe/London,The Francis Crick Institute,1,,Academic,GBP,100.0,No
2024-11-19 15:37:42,GB,Crick Bioimage Analysis Symposium 2024,922810600347.0,2024-11-25,09:30:00,Europe/London,The Francis Crick Institute,1,,Academic,GBP,100.0,No
2024-11-20 08:02:33,CZ,Crick Bioimage Analysis Symposium 2024,922810600347.0,2024-11-25,09:30:00,Europe/London,The Francis Crick Institute,1,,Online Only,GBP,20.0,No
2024-11-20 09:07:57,AT,Crick Bioimage Analysis Symposium 2024,922810600347.0,2024-11-25,09:30:00,Europe/London,The Francis Crick Institute,1,,Online Only,GBP,20.0,No
2024-11-20 13:47:56,GB,Crick Bioimage Analysis Symposium 2024,922810600347.0,2024-11-25,09:30:00,Europe/London,The Francis Crick Institute,1,,Academic,GBP,50.0,No
2024-11-20 15:16:10,GB,Crick Bioimage Analysis Symposium 2024,922810600347.0,2024-11-25,09:30:00,Europe/London,The Francis Crick Institute,1,,Academic,GBP,100.0,No
2024-11-21 11:08:24,GB,Crick Bioimage Analysis Symposium 2024,922810600347.0,2024-11-25,09:30:00,Europe/London,The Francis Crick Institute,1,,Online Only,GBP,20.0,No
2024-11-21 11:26:29,PT,Crick Bioimage Analysis Symposium 2024,922810600347.0,2024-11-25,09:30:00,Europe/London,The Francis Crick Institute,1,,Online Only,GBP,20.0,No
2024-11-21 12:14:57,GB,Crick Bioimage Analysis Symposium 2024,922810600347.0,2024-11-25,09:30:00,Europe/London,The Francis Crick Institute,1,,Industry,GBP,200.0,No
2024-11-21 12:43:14,GB,Crick Bioimage Analysis Symposium 2024,922810600347.0,2024-11-25,09:30:00,Europe/London,The Francis Crick Institute,1,,Online Only,GBP,20.0,No
2024-11-21 14:52:27,GB,Crick Bioimage Analysis Symposium 2024,922810600347.0,2024-11-25,09:30:00,Europe/London,The Francis Crick Institute,1,,Online Only,GBP,20.0,No
2024-11-21 15:49:27,GB,Crick Bioimage Analysis Symposium 2024,922810600347.0,2024-11-25,09:30:00,Europe/London,The Francis Crick Institute,1,,Industry,GBP,200.0,No
2024-11-21 21:40:26,GB,Crick Bioimage Analysis Symposium 2024,922810600347.0,2024-11-25,09:30:00,Europe/London,The Francis Crick Institute,1,,Online Only,GBP,20.0,No
2024-11-22 12:07:31,GB,Crick Bioimage Analysis Symposium 2024,922810600347.0,2024-11-25,09:30:00,Europe/London,The Francis Crick Institute,1,,Online Only,GBP,20.0,No
2024-11-22 12:38:57,GB,Crick Bioimage Analysis Symposium 2024,922810600347.0,2024-11-25,09:30:00,Europe/London,The Francis Crick Institute,1,,Online Only,GBP,20.0,No
2024-11-25 10:48:49,GB,Crick Bioimage Analysis Symposium 2024,922810600347.0,2024-11-25,09:30:00,Europe/London,The Francis Crick Institute,1,,Industry,GBP,200.0,No
,,,,,,,,199,,,,15410.0,
